ID Producto,SKU,Nombre,Descripcion,Tamano Unidad,Medida Unidad,ID Presentación,Unidades por Paquete,Unidades por Presentación,Costo por Paquete,Costo Unitario,Moneda,ID Barcode,Codigo de Barras,Precio de Venta
2,MAZ-ACE-850-ML-44C2,"Aceite Mazeite Soya, 1 lt","Aceite Mazeite Soya, 1 lt",1.00,LT,2,12,12,"65,21",5.10,USD,206,7591002000745,180000
3,NAT-ACE-SOY-850-ML-BF27,"Aceite Naturoil Soya, 850 ml","Aceite Naturoil Soya, 850 ml",850.00,ML,19,12,12,"37,50",3.25,USD,32,7591058001031,102000
4,POR-ACE-1000-ML-AFD7,"Aceite Portumesa Soya, 850 ml","Aceite Portumesa Soya, 850 ml",850.00,ML,20,12,12,"32,00",2.67,USD,33,7591259000871,87000
5,VAT-ACE-VEG-1000-ML-5470,"Aceite Vatel Vegetal, 1 lt","Aceite Vatel Vegetal, 1 lt",1.00,LT,21,12,12,"104500,00",2.58,COP,31,7591049193035,110000
6,VAT-ACE-SOY-1000-GR-2FAD,"Aceite Vatel Soya, 1 lt","Aceite Vatel Soya, 1 lt",1.00,LT,22,12,12,"104500,00",2.50,COP,35,7591049001903,108000
7,AMA-ARR-900-GR-54D4,"Arroz Amanecer, 900 gr","Arroz Amanecer, 900 gr",900.00,GR,7,24,24,"28,10",1.16,USD,20,7599450000010,78000
10,DON-ARR-GRA-900-GR-B4B4,"Arroz Dona Alicia, 900 gr","Arroz Dona Alicia, 900 gr",900.00,GR,26,24,24,"75000,00",1.29,COP,21,7592316000964,77000
11,GRA-ARR-MAR-1-KG-6DD0,"Arroz Gran Marquez Premium, 1 kg","Arroz Gran Marquez Premium, 1 kg",1.00,KG,27,24,24,"30,83",1.28,USD,18,7592976000694,85000
12,MAR-ARR-ESM-900-GR-060B,"Arroz Mary Esmeralda, 900 gr","Arroz Mary Esmeralda, 900 gr",900.00,GR,28,24,24,"55,68",2.32,USD,17,7591473005232,145000
13,MAR-ARR-MON-900-GR-A383,"Arroz Mary Premium Monito, 900 gr","Arroz Mary Premium Monito, 900 gr",900.00,GR,29,24,24,"53,28",2.22,USD,24,7591473005249,139000
14,MAR-ARR-NAR-900-GR-40BF,"Arroz Mary Tradicional Naranja, 900 gr","Arroz Mary Tradicional Naranja, 900 gr",900.00,GR,30,24,24,"32,16",1.34,USD,1,7591473005362,85000
15,MAR-ARR-ROJ-900-GR-730C,"Arroz Mary Superior Rojo, 900 gr","Arroz Mary Superior Rojo, 900 gr",900.00,GR,31,24,24,"32,16",3437.50,COP,23,7591473005355,85000
17,FAV-ARR-FAV-1-KG-B2F1,"Arroz Favorito, 1 kg","Arroz Favorito, 1 kg",1.00,KG,33,24,24,"32,15",1.41,USD,16,7599450000027,86000
18,PRI-ARR-SUP-900-GR-09CF,"Arroz Primor Superior Negro, 900 gr","Arroz Primor Superior Negro, 900 gr",900.00,GR,34,24,24,"39,50",1.65,USD,19,7591002800093,105000
21,NEW-ATU-SOL-160-GR-8FF2,"Atun New Pesca Aceite de Oliva, 170 gr","Atun New Pesca Aceite de Oliva, 170 gr",170.00,GR,37,12,12,"45,00",3.92,USD,69,7597963000497,85000
23,NEW-ATU-SOL-170-GR-BAF4,"Atun New Pesca Aceite, 170 gr","Atun New Pesca Aceite, 170 gr",170.00,GR,39,24,24,"44,00",1.83,USD,68,7597963000251,115000
24,EVE-ATU-ACE-170-GR-08B7,"Atun Eveba Aceite, 170 gr","Atun Eveba Aceite, 170 gr",170.00,GR,40,24,24,"55,84",2.33,USD,66,7593251000279,150000
26,QUA-AVE-400-GR-9C72,"Avena Quaker, 400 gr","Avena Quaker, 400 gr",400.00,GR,42,16,16,"23,00",1.44,USD,126,7591184002018,65000
27,QUA-AVE-800-GR-6F0F,"Avena Quaker, 800 gr","Avena Quaker, 800 gr",800.00,GR,43,12,12,"30,50",2.54,USD,127,7591184002001,85000
28,AXI-MUL-235-GR-E6FE,"Lavaplatos Axion Multiusos Duo, 2 x 450 gr","Lavaplatos Axion Multiusos Duo, 2 x 450 gr",900.00,GR,44,12,12,"122000,00",10000.00,COP,107,7702010880797,128000
30,MON-AZU-1-KG-94D4,"Azucar Montalban, 1 kg","Azucar Montalban, 1 kg",1.00,KG,46,20,20,"76000,00",3800.00,COP,13,7591357020405,79000
31,KON-AZU-X-1-KG-D5C4,"Azucar Konfit, 1 kg","Azucar Konfit, 1 kg",1.00,KG,47,20,20,"75000,00",3750.00,COP,8,7591357020627,76000
32,AMA-CAF-200-GR-5AC6,"Cafe Amanecer, 200 gr","Cafe Amanecer, 200 gr",200.00,GR,48,24,24,"49,25",02.05,USD,131,7595461000049,156000
33,AMA-CAF-500-GR-2D62,"Cafe Amanecer, 500 gr","Cafe Amanecer, 500 gr",500.00,GR,49,12,12,"51,30",4.27,USD,132,7595461000032,156000
53,HEI-COM-MAN-186-GR-3DA3,"Compota Heinz Manzana, 186 gr","Compota Heinz Manzana, 186 gr",186.00,GR,322,24,24,"18,98",0.79,USD,2,7591112158886,56000
55,HEI-COM-PER-186-GR-4802,"Compota Heinz Pera, 186 gr","Compota Heinz Pera, 186 gr",186.00,GR,370,24,24,"18,98",0.79,USD,72,7591112158893,56000
61,COL-CRE-DEN-1-UND-E009,"Crema Dental Colgate Triple Accion, 100gr","Crema Dental Colgate Triple Accion, 100gr",100.00,GR,358,144,144,"250,94",1.49,USD,141,7509546699998,456000
67,UND-DIA-ABR-FAC-1-UND-7A53,"Diablito Abre Facil, 115 gr","Diablito Abre Facil, 115 gr",115.00,GR,83,24,24,"55,70",2.49,USD,53,7591072003622,152000
68,UND-DIA-ABR-FAC-1-UND-20BF,"Diablito Abre Facil, 54 gr","Diablito Abre Facil, 54 gr",54.00,GR,84,48,48,"63,00",1.45,USD,,,169000
71,BEL-GAL-HON-1-UND-65D3,"Galleta Belvita Hony, 252 gr","Galleta Belvita Hony, 252 gr",252.00,GR,87,20,20,"49,80",2.49,USD,102,7590011890910,140000
72,BEL-GAL-KRA-1-UND-E3E6,"Galleta Belvita Kraker, 234 gr ","Galleta Belvita Kraker, 234 gr ",234.00,GR,88,20,20,"49,80",2.49,USD,115,7590011890866,140000
77,SOL-GAL-SOD-1-UND-F2BE,"Galleta de Soda El Sol, 240 gr","Galleta de Soda El Sol, 240 gr",240.00,GR,93,12,12,"17,76",1.48,USD,103,7591082007153,48000
78,ORE-GAL-AME-1-UND-97E4,"Galleta Oreo Tipo Americano, 192 gr","Galleta Oreo Tipo Americano, 192 gr",192.00,GR,94,28,28,"59,00",2.11,USD,104,7622202213762,155000
79,PUI-GAL-MAR-1-UND-2FC5,"Galleta Maria Puig, 1 x 9 ","Galleta Maria Puig, 1 x 9 ",9.00,UND,95,24,24,"41,28",1.58,USD,117,7591082000307,108000
80,ODE-GUI-S-1-UND-2901,"Guisantes Oderich, 200 gr","Guisantes Oderich, 200 gr",200.00,GR,96,24,24,"30,00",1.25,USD,84,7896041154016,75000
82,CHA-GAL-FRE-1-UND-3FD1,"Galleta Charmy Fresa,192 gr ","Galleta Charmy Fresa,192 gr ",192.00,GR,,24,24,"26,40",,USD,105,7591164000058,75000
84,HAR-PAN-1-UND-A648,"Harina Pan Maiz Blanco, 1 kg","Harina Pan Maiz Blanco, 1 kg",1.00,KG,100,20,20,"25,70",1.29,USD,15,7591002200145,71000
85,HAR-PAN-AMA-1-UND-3DCA,"Harina Pan Maiz Amarillo, 1 kg","Harina Pan Maiz Amarillo, 1 kg",1.00,KG,101,20,20,"28,30",1.42,USD,14,7591002200152,74000
86,HAR-PAN-CAC-1-UND-3136,"Harina para Cachapas, 500gr","Harina para Cachapas, 500gr",500.00,GR,102,12,12,"27,30",2.28,USD,63,7591002002893,75000
96,PRO-JAB-BAR-1-UND-D2AE,"Jabon Protex en Barra, 1 X 6","Jabon Protex en Barra, 1 X 6",6.00,UND,112,12,12,"128,17",15416.67,USD,254,7702010921445,216000
106,KOT-TOA-FEM-1-UND-4D91,"Toalla Kotex Nocturna, 1 x 8 ","Toalla Kotex Nocturna, 1 x 8 ",8.00,UND,122,24,24,"39,00",1.63,USD,110,7702425803008,98000
109,AXI-PAS-1-UND-30CF,"Lavaplatos Axion Multiusos en Pastillas, 100 gr","Lavaplatos Axion Multiusos en Pastillas, 100 gr",100.00,GR,125,72,72,"72,00",1138.89,USD,,,88000
110,NAT-LEC-CON-1-UND-81E2,"Leche Condensada Natulac, 397 gr","Leche Condensada Natulac, 397 gr",397.00,GR,126,24,24,"55,62",2.32,USD,3,7592396000922,190000
113,CAM-LEC-POL-1-UND-E875,"Leche en Polvo Campestre, 400 gr","Leche en Polvo Campestre, 400 gr",400.00,GR,129,24,24,"75,84",4.50,USD,119,7592433002131,300000
116,CAM-LEC-POL-1-UND-AC7B,"Leche en Polvo Campesina, 800 gr","Leche en Polvo Campesina, 800 gr",800.00,GR,132,12,12,"128,04",10.67,USD,120,7591016205716,720000
120,POL-MAL-1-UND-2613,"Malta Polar, 1500 ml","Malta Polar, 1500 ml",1500.00,ML,136,6,6,"9,70",3.50,USD,148,7591446002947,28000
122,POL-MAL-LAT-G-1-UND-3874,"Malta Polar Lata, 355 ml","Malta Polar Lata, 355 ml",355.00,ML,362,24,24,"17,40",0.88,USD,147,7591446001568,54000
123,MIR-MAR-G-1-UND-948C,"Margarina Mirasol, 454g","Margarina Mirasol, 454g",454.00,GR,139,12,12,"24,69",02.06,USD,88,7591058001017,69000
124,MAV-MAR-1-UND-9E0C,"Margarina Mavesa, 1 kg","Margarina Mavesa, 1 kg",1.00,KG,140,6,6,"29,10",4.85,USD,93,7590006200144,78000
125,MAV-MAR-1-UND-C9EC,"Margarina Mavesa, 250 gr","Margarina Mavesa, 250 gr",250.00,GR,347,24,24,"34,36",1.43,USD,91,75930868,92000
126,MAV-MAR-1-UND-327A,"Margarina Mavesa, 500 gr","Margarina Mavesa, 500 gr",500.00,KG,142,12,12,"30,87",2.57,USD,92,7590006200137,83000
128,NEL-MAR-1-UND-4771,"Margarina Nelly, 500 gr","Margarina Nelly, 500 gr",500.00,GR,144,12,12,"28,60",2.38,USD,90,7590006200540,78000
129,KRA-MAY-1-UND-2AF1,"Mayonesa Kraft, 445 gr","Mayonesa Kraft, 445 gr",445.00,KG,145,12,12,"46,28",3.86,USD,54,7591114040042,122000
130,MAV-MAY-1-UND-C158,"Mayonesa Mavesa, 175 gr","Mayonesa Mavesa, 175 gr",175.00,GR,146,24,24,"44,40",1.85,USD,43,75971403,118000
131,MAV-MAY-GAL-1-UND-A819,"Mayonesa Mavesa, 3,6 kg","Mayonesa Mavesa, 3,6 kg",3.60,KG,147,4,4,"110,00",27.50,USD,86,7590006003783,280000
132,MAV-MAY-1-UND-5637,"Mayonesa Mavesa, 445 gr","Mayonesa Mavesa, 445 gr",445.00,GR,148,12,12,"44,32",3.69,USD,45,719503030123,118000
133,MAV-MAY-1-UND-F8AD,"Mayonesa Mavesa, 910 gr","Mayonesa Mavesa, 910 gr",910.00,GR,149,6,6,"42,00",7.00,USD,46,719503030185,112000
134,HEI-MOS-MG-1-UND-758F,"Mostaza Heinz, 195 gr","Mostaza Heinz, 195 gr",195.00,GR,150,24,24,"44,28",1.85,USD,48,7591112041010,122000
136,HEI-MOS-MG-1-UND-B980,"Mostaza Heinz, 490 gr","Mostaza Heinz, 490 gr",490.00,GR,152,12,12,"43,82",3.65,USD,49,7591112041041,122000
137,HEI-MOS-GAL-1-UND-C2F6,"Mostaza Heinz, 3650 gr","Mostaza Heinz, 3650 gr",3650.00,GR,153,4,4,"75,33",1.83,USD,83,7591112000321,220000
140,NUC-CRU-FLO-1-UND-1221,"Nucita Crunch, 120 gr","Nucita Crunch, 120 gr",120.00,GR,156,18,18,"28,26",1.57,USD,101,7591675000370,79000
142,ROS-TOA-HOJ-1-UND-7BD8,"Toallin Rosal 80 Hojas, 1 X 1","Toallin Rosal 80 Hojas, 1 X 1",1.00,UND,158,20,20,"23,10",1.94,USD,130,7591098000759,68000
143,ROS-PAP-HIG-1-UND-1375,"Papel Rosal Plus 400 Hojas Naranja, 1 X 4","Papel Rosal Plus 400 Hojas Naranja, 1 X 4",4.00,UND,159,12,12,"23,31",1.94,USD,108,7591098170230,64000
145,PRI-PAS-ESP-1-UND-F47C,"Pasta Corta Primor Extra Especial Dedales, 1 kg","Pasta Corta Primor Extra Especial Dedales, 1 kg",1.00,KG,161,12,12,"23,80",,USD,85,7591002400736,60000
146,PRI-PAS-LAR-1-UND-A645,"Pasta Larga Primor Extra Especial Vermicelli, 1 kg","Pasta Larga Primor Extra Especial Vermicelli, 1 kg",1.00,KG,162,12,12,"22,60",,USD,100,7591002400767,60000
147,SIN-PAS-PRE-1-UND-447C,"Pasta Corta Sindoni Premium Espiral, 1 kg","Pasta Corta Sindoni Premium Espiral, 1 kg",1.00,KG,163,12,12,"20,82",1.79,USD,97,7591674000074,60000
148,SIN-PAS-DIR-1-UND-09E7,"Pasticho Sindoni, 250 gr","Pasticho Sindoni, 250 gr",250.00,UND,164,12,12,"19,47",1.62,USD,294,7591674001231,60000
149,MAR-PAS-LAR-1-KG-AD79,"Pasta Larga Mary Tradicional Vermicelli, 1 kg","Pasta Larga Mary Tradicional Vermicelli, 1 kg",1.00,KG,165,12,12,"19,80",1.69,USD,295,7597417000653,55000
156,PUI-PIR-CHO-EST-1-UND-B1DC,"Pirulin Choco Estuche de lujo, 120 gr","Pirulin Choco Estuche de lujo, 120 gr",120.00,GR,172,24,24,"90,63",3.78,USD,111,7591675004767,240000
159,BAH-SAL-1-UND-63FB,"Sal Bahia, 1 kg","Sal Bahia, 1 kg",1.00,KG,175,25,25,"24,00",1.00,USD,4,7595159000351,68000
161,CRI-SAL-1-UND-AF8C,"Sal Cristal (Venezolana), 1kg","Sal Cristal (Venezolana), 1kg",1.00,KG,177,25,25,"20000,00",1270.83,COP,6,7599285000025,24000
162,HEI-SAL-TOM-1-UND-FFA2,"Salsa de Tomate Heinz, 397 gr","Salsa de Tomate Heinz, 397 gr",397.00,GR,178,24,24,"45,31",1.89,USD,50,75916107,125000
163,HEI-SAL-TOM-1-UND-D133,"Salsa de Tomate Heinz Exprimible, 14 oz","Salsa de Tomate Heinz Exprimible, 14 oz",14.00,OZ,179,16,16,"35,00",2.19,USD,94,608875000967,51000
164,HEI-SAL-TOM-1-UND-EA61,"Salsa de Tomate Heinz, 198 gr","Salsa de Tomate Heinz, 198 gr",198.00,GR,180,24,24,"32,00",1.33,USD,77,75916220,88000
165,PAM-SAL-TOM-1-UND-5407,"Salsa de Tomate Pampero, 397 gr","Salsa de Tomate Pampero, 397 gr",397.00,GR,181,24,24,"49,33",02.06,USD,51,75919191,128000
168,PAM-SAL-TOM-1-UND-BCA0,"Salsa de Tomate Pampero, 4,2 kg","Salsa de Tomate Pampero, 4,2 kg",4.20,KG,184,4,4,"62,00",15.50,USD,87,7590006100024,180000
169,SAV-SAM-FRE-1-UND-174D,"Samba de Fresa, 1 X 20 ","Samba de Fresa, 1 X 20 ",20.00,UND,185,1,1,"14,85",14.85,USD,204,7591016173435,42000
170,SAV-SAM-FRE-MIN-1-UND-D85A,"Samba Mini Fresa, 1 X 35","Samba Mini Fresa, 1 X 35",35.00,UND,437,1,1,"12,99",16.01,USD,233,7591016855522,45000
171,EVE-SAR-ACE-1-UND-11BB,"Sardina Eveba Aceite Vegetal, 170 gr","Sardina Eveba Aceite Vegetal, 170 gr",170.00,GR,,24,24,"25,55",,USD,59,7593251000989,64000
172,EVE-SAR-SAL-1-UND-7EF4,"Sardina Eveba Salsa de Tomate, 170 gr","Sardina Eveba Salsa de Tomate, 170 gr",170.00,GR,337,24,24,"24,56",01.01,USD,62,7593251001092,64000
173,EVE-SAR-SAL-1-UND-197B,"Sardina Eveba Salsa Picante, 170 gr","Sardina Eveba Salsa Picante, 170 gr",170.00,GR,338,24,24,"24,56",01.01,USD,65,7593251001177,64000
175,ROQ-SAR-VEG170-GR-1259,"Sardina Los Roques Salsa de Tomate, 170 gr","Sardina Los Roques Salsa de Tomate, 170 gr",170.00,GR,339,24,24,"16,58",0.69,USD,73,7595930000020,48000
176,MAR-SAR-1-UND-7272,"Sardina Margarita Salsa de Tomate, 170 gr","Sardina Margarita Salsa de Tomate, 170 gr",170.00,GR,485,20,20,"21,30",01.07,USD,290,7591002700201,60000
180,SCH-SHI-AFE-X-1-UND-BAEA,"Afeitadora Schick, 1 X 12","Afeitadora Schick, 1 X 12",2.00,UND,,1,1,"31000,00",,COP,,,34000
181,TOD-TO-1-UND-F12F,"Toddy, 100 gr","Toddy, 100 gr",100.00,GR,197,36,36,"48,00",1.33,USD,140,7590006700118,132000
182,TOD-S-1-UND-C53C,"Toddy, 200 gr","Toddy, 200 gr",200.00,GR,198,12,12,"30,20",2.52,USD,55,7590006700019,86000
183,TOD-TO-1-UND-B14E,"Toddy, 400 gr","Toddy, 400 gr",400.00,GR,199,12,12,"56,00",4.67,USD,56,7590006700026,152000
184,TOD-X-1-UND-251E,"Toddy, 2 kg","Toddy, 2 kg",2.00,KG,200,8,8,"153,00",19.13,USD,58,7590006700071,414000
185,TOD-X-1-UND-C845,"Toddy, 1 kg","Toddy, 1 kg",1.00,KG,201,12,12,"124,00",10.33,USD,57,7590006700064,334000
186,SAV-TOR-X-1-UND-33D4,"Chocolate Toronto, 1 X 36","Chocolate Toronto, 1 X 36",36.00,UND,202,1,1,"16,70",16.82,USD,231,7591016161111,46000
187,MAV-VIN-1-UND-F597,"Vinagre Mavesa, 1 lt","Vinagre Mavesa, 1 lt",1.00,LT,203,12,12,"24,00",2.00,USD,79,719503061035,67000
188,MAV-VIN-1-UND-3EBF,"Vinagre Mavesa, 500 ml","Vinagre Mavesa, 500 ml",500.00,ML,204,24,24,"28,20",1.18,USD,78,719503061028,78000
189,SAV-COC-MAX-1-UND-0044,"Galleta Cocosette Maxi, 1 x 18","Galleta Cocosette Maxi, 1 x 18",18.00,UND,205,1,1,"12,95",14.40,USD,227,7591016171080,12000
193,AME-MAI-XS-1-UND-9981,"Maizina Americana, 200 gr","Maizina Americana, 200 gr",200.00,GR,209,40,40,"64,16",1.60,USD,125,7591039657110,165000
205,ARD-ACE-1-UND-0CE5,"Aceite Arduvi Soya, 710ml","Aceite Arduvi Soya, 710ml",710.00,ML,,12,12,"60000,00",,COP,34,7709990544244,63000
206,IDE-ACE-1-UND-3AAB,"Aceite Ideal Soya, 1 lt","Aceite Ideal Soya, 1 lt",1.00,LT,222,12,12,"73000,00",6250.00,COP,36,7709067256650,76000
207,AGE-X-1-UND-97DF,"Lavaplatos Agente X, 500 gr","Lavaplatos Agente X, 500 gr",500.00,GR,223,24,24,"58000,00",2375.00,COP,109,7704269116061,60000
209,CAR-ATU-FOR-1-UND-09EE,"Atun Carlo Forte Aceite, 170 gr","Atun Carlo Forte Aceite, 170 gr",170.00,GR,225,48,48,"248000,00",2.00,COP,67,7700304396405,255000
214,TRU-AZU-1-UND-BE64,"Azucar La Trujillana, 1 kg","Azucar La Trujillana, 1 kg",1.00,KG,324,20,20,"69000,00",3333.33,COP,11,640509040147,73000
216,BEM-AVE-1-UND-01A8,"Avena Bem, 400 gr","Avena Bem, 400 gr",400.00,GR,232,20,20,"45000,00",2300.00,COP,60,7704269776531,48000
217,ARO-CAF-1-UND-7FCF,"Cafe Aroma, 125 gr","Cafe Aroma, 125 gr",125.00,GR,,25,25,"156000,00",,COP,174,7702088343903,160000
218,ARO-CAF-1-UND-CD73,"Cafe Aroma, 250 gr","Cafe Aroma, 250 gr",250.00,GR,386,24,24,"308000,00",12833.33,COP,173,7702088343934,310000
223,BRI-CLO-KIN-1-UND-55B2,"Cloro Brilla King, 2.5 lt","Cloro Brilla King, 2.5 lt",2.50,LT,239,6,6,"20000,00",1.28,COP,113,7700304530939,22500
229,FOR-FO-1-UND-8317,"Crema Dental Fortident, 76 gr","Crema Dental Fortident, 76 gr",76.00,GR,245,72,72,"162000,00",1562.50,COP,142,7891150083882,174000
231,SAL-GAL-TAC-1-UND-BE59,"Galleta Salti Taco, 1 X 7 ","Galleta Salti Taco, 1 X 7 ",595.00,GR,247,25,25,"126000,00",5250.00,COP,149,7707323130324,132000
232,PAS-HAR-TRI-1-UND-19C6,"Harina de Trigo Paspan Leudante, 1 kg","Harina de Trigo Paspan Leudante, 1 kg",1.00,KG,333,10,10,"24500,00",,COP,,,26500
233,ROB-HAR-TRI-1-UND-A640,"Harina de Trigo Robinson Leudante, 1 kg","Harina de Trigo Robinson Leudante, 1 kg",1.00,KG,249,10,10,"33000,00",3300.00,COP,38,7707197613404,34500
235,ROB-HAR-TRI-1-UND-1A1C,"Harina de Trigo Robinson Todo Uso, 1 kg","Harina de Trigo Robinson Todo Uso, 1 kg",1.00,KG,251,10,10,"32000,00",3300.00,COP,39,7707197617846,34000
238,OZX-HAR-OZ-1-UND-5844,"Harina La Oz Maiz Blanco, 1 kg","Harina La Oz Maiz Blanco, 1 kg",1.00,KG,254,20,20,"48000,00",2525.00,COP,10,7704269105249,51000
243,NAT-JAB-1-UND-D0ED,"Jabon Natural Feeling, 1 x 4","Jabon Natural Feeling, 1 x 4",4.00,UND,,15,15,"78000,00",,COP,118,7700304021536,82000
245,EDE-JAB-1-UND-FBDC,"Detergente en Polvo Eden Multiusos, 1 kg ","Detergente en Polvo Eden Multiusos, 1 kg ",1.00,KG,261,20,20,"80000,00",4000.00,COP,,,83000
246,IND-LEC-POL-1-UND-0113,"Leche en Polvo Induleche, 360gr","Leche en Polvo Induleche, 360gr",360.00,GR,262,30,30,"357000,00",11600.00,COP,,,363000
247,IND-LEC-POL-1-UND-0C05,"Leche en Polvo Induleche, 800 gr","Leche en Polvo Induleche, 800 gr",800.00,KG,263,12,12,"352000,00",21750.00,COP,121,7706921028002,356000
248,LAT-LEC-LIQ-1-UND-F7C1,"Leche Liquida Latti Deslactosada Morada, 900 ml","Leche Liquida Latti Deslactosada Morada, 900 ml",900.00,ML,264,12,12,"48000,00",4083.33,COP,61,7700304084159,49500
249,LAT-LEC-LIQ-1-UND-2FFA,"Leche Liquida Latti Entera Roja, 900 ml","Leche Liquida Latti Entera Roja, 900 ml",900.00,ML,265,12,12,"45000,00",3750.00,COP,123,7700304379989,46000
250,BAS-MAY-1-UND-1AC8,"Mayonesa Bassi, 500 gr","Mayonesa Bassi, 500 gr",500.00,GR,266,24,24,"80000,00",10000.00,COP,47,7704269949430,84000
251,BAS-TOM-S-1-UND-7D3A,"Salsa de Tomate Bassi, 500 gr","Salsa de Tomate Bassi, 500 gr",500.00,GR,267,24,24,"90000,00",10000.00,COP,44,7704269982000,94000
252,TRI-TR-1-UND-0AA7,"Cubito Trifogon, 1 X 24","Cubito Trifogon, 1 X 24",24.00,UND,268,60,60,"145000,00",2416.67,COP,170,7702354955113,150000
253,REN-PAP-XR-1-UND-E57F,"Papel Rendy, 1 X 12","Papel Rendy, 1 X 12",12.00,UND,269,4,4,"60000,00",15500.00,COP,129,7700304309122,63000
254,CAP-PAS-COR-1-UND-0929,"Pasta Corta Capri Premium Dedal, 1 kg","Pasta Corta Capri Premium Dedal, 1 kg",1.00,KG,270,12,12,"21,66",1.84,USD,95,7591151042115,60000
255,CAP-PAS-LAR-1-UND-C24E,"Pasta Larga Capri Premium Vermicelli Fino, 1 kg","Pasta Larga Capri Premium Vermicelli Fino, 1 kg",1.00,KG,271,12,12,"20,00",,USD,222,7591151041033,56000
257,CRI-SAL-1-UND-FA9C,"Sal Cristal Marina (Colombiana), 1 kg","Sal Cristal Marina (Colombiana), 1 kg",1.00,KG,273,20,20,"30500,00",,COP,7,7707226418819,32000
258,ESM-SAL-1-UND-1F78,"Sal La Esmeralda, 1 kg","Sal La Esmeralda, 1 kg",1.00,KG,274,25,25,"26000,00",1040.00,COP,5,7593860000028,28000
259,MAR-SAR-1-UND-DCD2,"Sardina Marbonita Salsa de Tomate, 170 gr","Sardina Marbonita Salsa de Tomate, 170 gr",170.00,GR,275,24,24,"32000,00",1333.33,COP,70,7595122001927,34000
260,SUN-SU-1-UND-1D36,"Suntea Durazno, 1 x 12 ","Suntea Durazno, 1 x 12 ",12.00,UND,276,24,24,"325000,00",13541.67,COP,116,7702354955373,360000
268,DIM-ATU-ACE-1-UND-BE3C,"Atun Dimare Aceite, 160 gr","Atun Dimare Aceite, 160 gr",160.00,GR,284,48,48,"165000,00",1.00,COP,64,7599920000021,170000
271,ELL-TOA-DUO-1-UND-386F,"Toallas Ellas Duo, 1 X 2","Toallas Ellas Duo, 1 X 2",2.00,UND,287,24,24,"94000,00",3958.33,COP,144,7702108850794,97000
284,NES-CHO-SAV-1-UND-E2C3,"Chocolate Savoy Leche, 30 gr X 12","Chocolate Savoy Leche, 30 gr X 12",12.00,UND,300,1,1,"12,11",12.11,USD,226,7591016151136,36000
285,NES-CHO-CRI-CRI-1-UND-CAFE,"Chocolate Savoy Cri Cri, 130 gr X 5 ","Chocolate Savoy Cri Cri, 130 gr X 5 ",5.00,UND,301,1,1,"16,82",16.82,USD,236,7591016151600,45000
286,NES-CHO-GAL-1-UND-2040,"Chocolate Savoy Galak, 30 gr X 12 ","Chocolate Savoy Galak, 30 gr X 12 ",12.00,UND,302,1,1,"12,11",12.11,USD,229,7591016154977,36000
287,NES-CHO-CRI-CRI-1-UND-98E9,"Chocolate Savoy Cri Cri, 30 gr X 12","Chocolate Savoy Cri Cri, 30 gr X 12",12.00,UND,303,1,1,"12,11",12.11,USD,228,7591016151556,36000
288,NES-CHO-GAL-G-1-UND-F0FC,"Chocolate Savoy Galak, 130 gr X 5 ","Chocolate Savoy Galak, 130 gr X 5 ",5.00,UND,304,1,1,"16,82",16.82,USD,230,7591016154960,45000
292,NES-LEC-CON-SAS-1-UND-9B8C,"Leche Condensada Nestle Sashet, 1 X 26","Leche Condensada Nestle Sashet, 1 X 26",26.00,UND,308,1,1,"7,80",7.80,USD,235,7702024915584,25000
293,NES-LEC-EVA-CAR-1-UND-F6D6,"Leche Evaporada Carnation, 385 gr","Leche Evaporada Carnation, 385 gr",385.00,GR,309,48,48,"130,08",3750.00,USD,296,7613036653404,384000
297,PUI-PIR-LAT-1-UND-DE29,"Pirulin Lata, 155gr","Pirulin Lata, 155gr",155.00,GR,313,12,12,"54,15",4.51,USD,114,7591675000424,156000
299,PUI-PIR-LAT-1-UND-6560,"Pirulin Lata, 300 gr","Pirulin Lata, 300 gr",300.00,GR,315,12,12,"100,00",8.33,USD,112,7591675010508,276000
301,LAS-JAB-LLA-BAR-1-UND-6B14,"Jabon en Barra Las Llaves, 250 gr","Jabon en Barra Las Llaves, 250 gr",250.00,GR,,36,36,"37,00",,USD,106,75900441,98000
512,AMA-AZU-REF-1-KG-038A,"Azucar Amanecer, 1 kg","Azucar Amanecer, 1 kg",1.00,KG,323,20,20,"27,80",1.39,USD,9,7599450000102,75000
513,LAP-AZU-PAS-50-KG-8BCE,"Azucar Refinada La Pastora, 50 kg","Azucar Refinada La Pastora, 50 kg",50.00,KG,325,1,1,"175000,00",60.00,COP,12,1,185000
514,ODE-ARR-DON-CRI-900-GR-76C9,"Arroz Dona Cristina, 900 gr ","Arroz Dona Cristina, 900 gr ",900.00,GR,326,24,24,"60000,00",2500.00,COP,22,7596068000463,68000
515,GRA-ARV-AMA-RIN-500-GR-C188,"Arveja Amarilla Rincon, 500 gr","Arveja Amarilla Rincon, 500 gr",500.00,GR,327,25,25,"46000,00",1960.00,COP,25,7709668923319,49000
516,GRA-MAI-COT-RIN-500-GR-8EDC,"Maiz para Cotufa Rincon, 500 gr ","Maiz para Cotufa Rincon, 500 gr ",500.00,GR,328,25,25,"46000,00",1960.00,COP,26,7709062917198,49000
517,GRA-CAR-NEG-RIN-500-KG-A0C4,"Caraota Negra Rincon, 500 gr ","Caraota Negra Rincon, 500 gr ",500.00,KG,329,25,25,"63000,00",1960.00,COP,27,7709062917181,65000
518,GRA-GAR-RIN-500-GR-40BA,"Garbanzos Rincon, 500 gr ","Garbanzos Rincon, 500 gr ",500.00,GR,330,25,25,"68000,00",2800.00,COP,28,7709062917174,70000
519,GRA-FRI-ROJ-RIN-500-GR-AD05,"Frijol Rojo Rincon, 500 gr","Frijol Rojo Rincon, 500 gr",500.00,GR,331,25,25,"84000,00",3520.00,COP,29,7709668923357,87000
520,GRA-LEN-RIN-500-GR-CDE7,"Lenteja Rincon, 500 gr","Lenteja Rincon, 500 gr",500.00,GR,332,25,25,"55000,00",2440.00,COP,30,7709062917167,59000
521,RIK-UNT-200-GR-F4EC,"Rikesa Untable, 200 gr","Rikesa Untable, 200 gr",200.00,GR,334,18,18,"58,00",3.22,USD,40,75971939,158000
522,RIK-UNT-300-GR-9B3B,"Rikesa Untable, 300 gr","Rikesa Untable, 300 gr",300.00,GR,335,12,12,"56,00",4.67,USD,41,7590006200595,154000
523,RIK-EXP-330-GR-DEE9,"Rikesa Exprimible, 330 gr","Rikesa Exprimible, 330 gr",330.00,GR,336,18,18,"87,90",4.88,USD,42,75930271,330000
524,LAE-SAL-AJO-EXC-180-ML-E1A8,"Salsa de Ajo La Excelencia, 180 ml","Salsa de Ajo La Excelencia, 180 ml",180.00,ML,341,24,24,"25000,00",01.04,COP,74,762497898323,28000
525,CAR-SAL-MIX-180-ML-5D75,"Salsas Mixtas Cardenas, 180 ml","Salsas Mixtas Cardenas, 180 ml",180.00,ML,342,24,24,"27000,00",01.08,COP,75,788492808327,30000
526,HEI-VIN-ALC-500-ML-C54E,"Vinagre Heinz, 1 lt","Vinagre Heinz, 1 lt",1.00,LT,343,12,12,"23,86",1.99,USD,81,7591112015103,67000
527,LAE-VIN-EXC-500-ML-507B,"Vinagre La Excelencia, 500 ml","Vinagre La Excelencia, 500 ml",500.00,ML,344,12,12,"14000,00",02.08,COP,96,762497898330,16000
528,LAE-VIN-EXC-1-LT-BA72,"Vinagre La Excelencia, 1 lt","Vinagre La Excelencia, 1 lt",1.00,LT,345,12,12,"25000,00",3.75,COP,82,762497898347,30000
529,MIR-MAR-227-GR-58D1,"Margarina Mirasol, 227 gr","Margarina Mirasol, 227 gr",227.00,GR,346,24,24,"25,98",01.08,USD,89,7591058001000,70000
530,MIR-LEC-POL-380-GR-2AB6,"Leche en Polvo Miramonte, 380 gr","Leche en Polvo Miramonte, 380 gr",380.00,GR,348,30,30,"240000,00",8000.00,COP,122,7707228547906,250000
531,RIC-CUB-COS-X-60-UND-1698,"Cubito de Costilla Ricostilla, 1 x 60 ","Cubito de Costilla Ricostilla, 1 x 60 ",60.00,UND,349,24,24,"444000,00",18666.67,COP,124,7702354949556,480000
532,QUA-HAR-AVE-400-KG-49A3,"Harina de Avena Quaker, 400 gr","Harina de Avena Quaker, 400 gr",400.00,KG,350,16,16,"23,00",1.44,USD,128,7591184002056,65000
533,AMA-CAF-100-GR-268D,"Cafe Amanecer, 100 gr","Cafe Amanecer, 100 gr",100.00,GR,351,50,50,"53,01",01.06,USD,133,7595461001206,156000
534,ARO-CAF-12-UND-FF62,"Cafe Aroma, 40 gr","Cafe Aroma, 40 gr",12.00,UND,,24,24,"490000,00",,COP,134,7702088218768,528000
537,PRI-PAS-ESP-1-KG-EAD1,"Pasta Corta Primor Extra Especial Tornillos, 1 kg","Pasta Corta Primor Extra Especial Tornillos, 1 kg",1.00,KG,355,12,12,"23,80",1.98,USD,137,7591002400743,60000
538,SIN-PAS-PRE-1-KG-A6C8,"Pasta Corta Sindoni Premium Plumita, 1 kg","Pasta Corta Sindoni Premium Plumita, 1 kg",1.00,KG,356,12,12,"21,17",1.76,USD,138,7591674000050,60000
539,SIN-PAS-PRE-1-KG-755A,"Pasta Corta Sindoni Premium Dedal, 1 kg","Pasta Corta Sindoni Premium Dedal, 1 kg",1.00,KG,357,12,12,"21,17",1.76,USD,139,7591674000326,60000
540,FLU-CRE-DEN-75-ML-E8D4,"Crema Dental Fluo Cardent, 75 ml ","Crema Dental Fluo Cardent, 75 ml ",75.00,ML,359,96,96,"256000,00",2729.17,COP,143,7702560041761,280000
541,KOT-TOA-NOS-BUE-10-UND-0E02,"Toalla Nosotras Buenas Noches, 1 X 10","Toalla Nosotras Buenas Noches, 1 X 10",10.00,UND,360,18,18,"28,30",03.06,USD,145,7702026149567,85000
542,KOT-TOA-NOS-INV-10-UND-662F,"Toallas Nosotras Natural Invisible, 1 X 10","Toallas Nosotras Natural Invisible, 1 X 10",10.00,UND,361,24,24,"18,14",0.76,USD,146,7702027041662,54000
543,ARB-SER-200-UND-0271,"Servilleta Arbora 200 Hojas, 1 X 1","Servilleta Arbora 200 Hojas, 1 X 1",1.00,UND,363,30,30,"63000,00",2433.33,COP,150,7704269100381,68000
544,KAR-CER-AZU-250-GR-0881,"Cereal Karymba Azucarado, 250 gr","Cereal Karymba Azucarado, 250 gr",250.00,GR,364,12,12,"68000,00",5916.67,COP,151,7702807456433,72000
546,RIK-UNT-TOC-300-GR-4021,"Rikesa Untable Tocineta, 300 gr ","Rikesa Untable Tocineta, 300 gr ",300.00,GR,366,12,12,"56,00",4.67,USD,153,7590006200601,154000
547,ROQ-SAR-ACE-170-GR-7AB1,"Sardina Los Roques Aceite Vegetal, 170 gr","Sardina Los Roques Aceite Vegetal, 170 gr",170.00,GR,367,24,24,"16,58",0.69,USD,154,7595930000013,48000
548,CHU-PER-9-KG-6E64,"Perrarina Chunky para Cachorros, 9 kg","Perrarina Chunky para Cachorros, 9 kg",9.00,KG,368,1,1,"88000,00",94000.00,COP,155,7707205151850,90000
549,MAI-CER-NAT-300-GR-6A29,"Cereal Maizoritos Natural, 300 gr","Cereal Maizoritos Natural, 300 gr",300.00,GR,371,12,12,"30,26",2.52,USD,157,7591039100050,85000
550,KAR-CER-FRU-ARO-240-GR-442D,"Cereal Karymba Fruty Aros, 240 gr","Cereal Karymba Fruty Aros, 240 gr",240.00,GR,372,12,12,"68000,00",2.72,COP,158,7591039451046,72000
551,GIG-BAR-SIL-X-60-UND-E50E,"Barras de Silicon, 1 X 60","Barras de Silicon, 1 X 60",60.00,UND,373,1,1,"13000,00",13000.00,COP,159,7708466451598,16000
552,MON-AZU-PAP-1-KG-4BC5,"Azucar Montalban Papel, 1 kg","Azucar Montalban Papel, 1 kg",1.00,KG,374,20,20,"76000,00",3900.00,COP,160,7591357020108,790000
553,FRU-X-20-UND-1A5E,"Frutino Sabores Mixtos, 1 X 20","Frutino Sabores Mixtos, 1 X 20",20.00,UND,375,24,24,"357000,00",15000.00,COP,161,2,384000
554,BIC-ENC-X-12-UND-3A0B,"Encendedor Bic, 1 X 12","Encendedor Bic, 1 X 12",12.00,UND,376,1,1,"16000,00",16000.00,COP,162,7707349755310,17000
555,BIC-ENC-X-15-UND-29A0,"Encendedor Bic, 1 X 15","Encendedor Bic, 1 X 15",15.00,UND,377,1,1,"16000,00",16000.00,COP,163,7707349757710,17000
556,SUP-ESP-BRI-10-UND-A24D,"Esponja de Brillo Super Matrix, 1 X 10","Esponja de Brillo Super Matrix, 1 X 10",10.00,UND,378,1,1,"4000,00",4000.00,COP,164,5901563215489,5000
557,SUP-ESP-MUL-12-UND-3845,"Esponja Multiuso Super Matrix, 1 X 12","Esponja Multiuso Super Matrix, 1 X 12",12.00,UND,379,1,1,"4000,00",4000.00,COP,165,3,5000
558,SUP-ENC-LIN-X-25-UND-05DC,"Encendedor con Linterna Super+, 1 X 25","Encendedor con Linterna Super+, 1 X 25",25.00,UND,380,1,1,"9400,00",9400.00,COP,166,679231555957,11000
559,SUP-ENC-X-25-UND-9CBE,"Encendedor Super+, 1 X 25","Encendedor Super+, 1 X 25",25.00,UND,381,1,1,"7400,00",7400.00,COP,167,679231555940,8500
560,GEN-PEG-X-6-UND-A409,"Pegamento Instantaneo Genuine, 1 X 12","Pegamento Instantaneo Genuine, 1 X 12",12.00,UND,,1,1,"6000,00",,COP,168,7453074846839,7000
561,SUP-BOM-W-1-UND-5C39,"Bombillo 9w Super+, 1 X 10","Bombillo 9w Super+, 1 X 10",1.00,UND,383,10,10,"19000,00",21000.00,COP,169,4,23000
562,BAB-PAN-X-60-UND-87F9,"Panales Babysec Etapa 3 G, 1 X 60 ","Panales Babysec Etapa 3 G, 1 X 60 ",60.00,UND,,6,6,"295000,00",,COP,171,7707199346003,305000
563,ELA-CHI-APU-X-12-UND-4BC8,"Chimo El Apurenito, 1 X 12","Chimo El Apurenito, 1 X 12",12.00,UND,385,1,1,"11500,00",11600.00,COP,172,5,12500
564,MAR-PEP-140-UND-0FE9,"Pepitonas Margarita Picante, 140 gr ","Pepitonas Margarita Picante, 140 gr ",140.00,UND,388,35,35,"56,00",1.60,USD,175,7591002700058,150000
565,NAS-CAF-125-GR-0669,"Cafe Nasif, 125 gr","Cafe Nasif, 125 gr",125.00,GR,389,24,24,"148000,00",6166.67,COP,176,6,156000
566,NAS-CAF-250-GR-641D,"Cafe Nasif, 250 gr","Cafe Nasif, 250 gr",250.00,GR,390,24,24,"259000,00",10791.67,COP,177,7,288000
567,NAS-CAF-500-GR-3C31,"Cafe Nasif, 500 gr","Cafe Nasif, 500 gr",500.00,GR,391,24,24,"500000,00",20750.00,COP,178,8,528000
568,SAV-SHA-ANT-X-510-ML-DA11,"Shampoo Savital Anticaspa, 510 ml ","Shampoo Savital Anticaspa, 510 ml ",510.00,ML,392,1,1,"11000,00",11000.00,COP,179,7702006653275,12500
569,SAV-SHA-ACE-510-ML-ED11,"Shampoo Savital Aceite de Argan, 510 ml","Shampoo Savital Aceite de Argan, 510 ml",510.00,ML,393,1,1,"11000,00",11000.00,COP,180,7702006208581,12500
570,SAV-SHA-HIA-510-ML-1888,"Shampoo Savital Hialuronico, 510 ml","Shampoo Savital Hialuronico, 510 ml",510.00,ML,394,1,1,"11000,00",11000.00,COP,181,7702006405980,12500
571,SAV-SHA-AMI-510-ML-D25C,"Shampoo Savital, Aminoacidos, 510 ml","Shampoo Savital, Aminoacidos, 510 ml",510.00,ML,395,1,1,"11000,00",11000.00,COP,182,7702006406444,12500
572,SAV-SHA-ELI-510-ML-942C,"Shampoo Savital Elixir Romero, 510 ml","Shampoo Savital Elixir Romero, 510 ml",510.00,ML,396,1,1,"11000,00",11000.00,COP,183,7702191522295,12500
573,RAI-ACC-RAP-174-GR-E394,"Insecticida Raid Accion Rapida, 174 gr","Insecticida Raid Accion Rapida, 174 gr",174.00,GR,397,1,1,"11000,00",10800.00,COP,184,7501032926175,12500
574,GEN-PAC-TAC-X-450-GR-EA84,"Galleta Paco Taco, 1 X 5","Galleta Paco Taco, 1 X 5",5.00,UND,398,21,21,"132000,00",6333.33,COP,185,7704269110274,136000
575,PEP-GAT-500-ML-F1A4,"Gatorade Naranja, 500 ml","Gatorade Naranja, 500 ml",500.00,ML,399,12,12,"35000,00",2916.67,COP,186,7702192218050,37000
576,AJE-PUL-MAN-400-ML-BF7E,"Jugo Pulp Nectar de Manzana, 400 ml","Jugo Pulp Nectar de Manzana, 400 ml",400.00,ML,400,12,12,"24000,00",2000.00,COP,187,7708092371512,26000
577,PEP-GAT-FRU-TRO-500-ML-32BD,"Gatorade Frutos Tropicales, 500 ml","Gatorade Frutos Tropicales, 500 ml",500.00,ML,401,12,12,"35000,00",2916.67,COP,188,7702192422051,37000
578,PEP-GAT-BLU-ICE-500-ML-BA36,"Gatorade Blue Ice, 500 ml","Gatorade Blue Ice, 500 ml",500.00,ML,402,12,12,"35000,00",2916.67,COP,189,7702192736455,37000
579,AJE-PUL-NEC-PER-400-ML-61E7,"Jugo Pulp Nectar de Pera, 400 ml","Jugo Pulp Nectar de Pera, 400 ml",400.00,ML,403,12,12,"24000,00",2000.00,COP,190,7709858744663,26000
581,BON-SUA-1-LT-3300,"Suavizante Bona Ropa Manzana, 1 lt","Suavizante Bona Ropa Manzana, 1 lt",1.00,LT,405,12,12,"45000,00",3750.00,COP,192,7700304507962,47000
582,MIR-GAT-ADU-1-KG-FCF8,"Gatarina Mirringo para Gatos Adultos, 1 kg","Gatarina Mirringo para Gatos Adultos, 1 kg",1.00,KG,,20,20,"180000,00",,COP,193,7703090732433,185000
583,BON-JAB-POL-1-KG-56C7,"Detergente en Polvo Bona Ropa, 1 kg","Detergente en Polvo Bona Ropa, 1 kg",1.00,KG,407,20,20,"93000,00",4700.00,COP,194,7700304812974,95000
584,REN-PAP-DUO-16-UND-6787,"Papel Rendy Duo, 1 X 2","Papel Rendy Duo, 1 X 2",2.00,UND,408,16,16,"24000,00",1500.00,COP,195,7700304274529,26000
585,PRO-HEA-&-SHO-18-ML-7116,"Shampoo Head & Shoulders Saschet, 18 ml","Shampoo Head & Shoulders Saschet, 18 ml",12.00,UND,,1,1,"8800,00",,COP,196,7501007492568,9500
586,OSB-CEP-BAS-1-UND-0185,CEPILLO BAA‘O CON BASE,CEPILLO CON BASE ,1.00,UND,410,12,12,"54000,00",4500.00,COP,197,7707305120213,58000
587,TRA-COL-AMA-1-UND-5738,Trapo Coleto Amarillo,Trapo Coleto Amarillo,1.00,UND,411,12,12,"44000,00",3916.67,COP,,,48000
588,BAB-PAN-XG-60-UND-C2CC,"Panales Babysec Etapa 4 XG, 1 X 60","Panales Babysec Etapa 4 XG, 1 X 60",60.00,UND,,6,6,"325000,00",,COP,198,7707199340865,332000
589,ALA-ESC-1-UND-0185,ESCOBA ALASKA,ESCOBA ALASKA ,1.00,UND,413,12,12,"85000,00",7000.00,COP,199,7708920790966,89000
590,DAN-ESC-SUP-1-UND-EE53,ESCOBA SUPER DANA DURA,ESCOBA SUPER DANA DURA,1.00,UND,414,12,12,"94000,00",7750.00,COP,200,7708781552116,98000
591,DAL-ESC-SUP-1-UND-B7B3,ESCOBA SUPER DALIA DUO,ESCOBA SUPER DALIA ,1.00,UND,415,12,12,"60000,00",5041.67,COP,215,23,64000
592,OSB-CEP-PLA-1-UND-2792,CEPILLO PLANCHITA ,CEPILLO PLANCHITA ,1.00,UND,416,12,12,"24000,00",1958.33,COP,212,20,27000
593,OSB-ESC-DUR-HAR-1-UND-2A22,ESCOBA DURA HARAGN OSBE ,ESCOBA DURA HARAGAN OSBE ,1.00,UND,417,12,12,"70000,00",6363.64,COP,214,22,74000
594,OSB-ESC-DUR-1-UND-7765,ESCOBA DURA OSBE SEMIZULIA ,ESCOBA DURA OSBE SEMIZULIA ,1.00,UND,418,12,12,"70000,00",5833.33,COP,213,21,74000
595,OSB-ECO-IND-1-UND-2A2F,ECOBA INDUSTRIAL ,ESCOBA INDUSTRIAL,1.00,UND,419,12,12,"95000,00",7750.00,COP,,,98000
596,OSB-RAS-GRA-1-UND-8D28,RASTRILLO GRANDE ,RASTRILLO GRANDE ,1.00,UND,420,12,12,"80000,00",6666.67,COP,216,24,84000
597,OSB-REC-ECO-1-UND-3169,RECOGEDOR ECONOMICO ,RECOGEDOR ECONOMCO ,1.00,UND,421,12,12,"35000,00",2833.33,COP,218,26,38000
598,OSB-COL-ROJ-COP-1-UND-1D1E,COLETO ROJO COPA 500,COLETO ROJO COPA 500,1.00,UND,422,12,12,"70000,00",5833.33,COP,217,25,74000
599,AJE-AGU-VID-GAS-1-UND-824C,"Agua Vida sin Gas, 620 ml","Agua Vida sin Gas, 620 ml",620.00,ML,423,24,24,"15000,00",750.00,COP,201,7707244560323,17000
600,JET-AGU-MAG-1-UND-C3C7,"Agua Magistral, 1 lt","Agua Magistral, 1 lt",1.00,LT,424,8,8,"15000,00",1875.00,COP,203,7709362105844,17000
601,MAR-CRE-ARR-450-GR-2778,"Crema de Arroz Mary, 450 gr","Crema de Arroz Mary, 450 gr",450.00,GR,425,24,24,"21,62",0.90,USD,202,7591473006734,60000
602,PRO-SHA-PAN-RES-18-ML-0D14,"Shampoo Pantene Restauracion Saschet, 18 ml","Shampoo Pantene Restauracion Saschet, 18 ml",12.00,UND,426,1,1,"8800,00",9500.00,COP,205,7500435108294,9500
606,ZEX-ARR-MIS-1-KG-4D98,"Arroz Misifu, 1 kg","Arroz Misifu, 1 kg",1.00,KG,430,20,20,"65000,00",3250.00,COP,219,7593076000447,70000
607,DIM-ATU-PAC-ACE-175-GR-4BB5,"Atun Pacifico Aceite, 175 gr","Atun Pacifico Aceite, 175 gr",175.00,GR,431,48,48,"135000,00",2812.50,COP,220,7862119502461,138000
608,CAP-SAL-KET-1-UND-B2D2,"Salsa de Tomate Capri, 397 gr","Salsa de Tomate Capri, 397 gr",397.00,GR,,24,24,"110000,00",,COP,221,7591151513011,115000
609,GIG-BOR-POL-G-1-UND-0830,"Talco Borocanfor en Polvo, 60 gr","Talco Borocanfor en Polvo, 60 gr",1.00,UND,433,12,12,"19000,00",1625.00,COP,223,75930516,23000
610,SAV-CHO-CAR-AVE-1000-GR-AE54,"Chocolate Carre Avellana, 100 gr X 10","Chocolate Carre Avellana, 100 gr X 10",10.00,UND,434,1,1,"38,61",38.62,USD,224,7591016152102,95000
611,SAV-CAR-AVE-S-25-GR-D467,"Chocolate Carre Avellana, 25 gr X 16","Chocolate Carre Avellana, 25 gr X 16",16.00,UND,435,1,1,"17,81",17.81,USD,225,7591016150306,56000
612,SAV-TOR-FRE-1-UND-357F,"Chocolate Toronto Fresa, 1 X 35","Chocolate Toronto Fresa, 1 X 35",35.00,UND,436,1,1,"16,78",16.76,USD,232,7591016855713,46000
613,SAV-CHO-NES-ESP-1-UND-E5E1,"Chocolate Nestle Especialidades, 1 X 15","Chocolate Nestle Especialidades, 1 X 15",15.00,UND,438,1,1,"6,45",6.47,USD,234,7613039352151,20000
614,COL-MAX-S-10-UND-0B1C,"Galleta Maxicoco, 460 gr","Galleta Maxicoco, 460 gr",10.00,UND,,1,1,"10000,00",,COP,237,7702011046949,12000
615,SUP-ACE-90-ML-34E1,ACEITE SUPER 3 EN 1,ACEITE 3 SUPER 1,90.00,ML,,12,12,"26000,00",,COP,238,27,30000
616,ZEX-ISO-PAL-1-UND-FD01,"Hisopos, 1 X 1","Hisopos, 1 X 1",1.00,UND,441,1,1,"19000,00",19000.00,COP,239,8809058410135,22000
617,GIG-COR-PIN-1-UND-40AB,"Cortacuticula / Pinza, 1 X 1","Cortacuticula / Pinza, 1 X 1",1.00,UND,442,1,1,"3500,00",3500.00,COP,240,6971760270221,4000
618,POL-HAR-PAN-SEM-500-GR-C51A,"Harina Semillas Nutritivas, 500 gr","Harina Semillas Nutritivas, 500 gr",500.00,GR,443,12,12,"27,30",2.28,USD,241,7591002200190,75000
619,POL-JAB-LLA-BEB-160-GR-00D2,"Jabon en Barra Las Llaves Bebe, 160 gr","Jabon en Barra Las Llaves Bebe, 160 gr",160.00,GR,,48,48,"32,00",,USD,242,75923815,102000
620,ZEX-PEG-A-B-40-ML-75A1,PEGA A Y B ,PEGA A Y B ,39.90,ML,445,12,12,"58000,00",5000.00,COP,243,9781234567897,62000
621,SUP-VIT-RUB-G-30-GR-28F6,"Vital Rub, 30 gr","Vital Rub, 30 gr",30.00,GR,446,12,12,"18000,00",1500.00,COP,244,7708904854868,20000
622,ZEX-ALC-PAS-32-UND-A9F8,"Alcanfor, 1 X 32 ","Alcanfor, 1 X 32 ",32.00,UND,447,1,1,"30000,00",30000.00,COP,245,naft'1041,34000
623,ZEX-AFE-DOR-X-100-UND-7CA5,"Afeitadora Dorco, 5 X 20","Afeitadora Dorco, 5 X 20",1.00,UND,,1,1,"58000,00",,COP,329,8801038562421,60000
625,ZEX-ENC-GLO-LIN-1-UND-2FE7,ENCENDEDORES GLOBAL /LINTERNA ,ENCENDEDORES GLOBAL ,1.00,UND,450,1,1,"10000,00",10500.00,COP,248,7709219592216,11500
626,ZEX-PEI-SAC-PIO-1-UND-CA58,"Peine Saca Piojos, 1 X 12","Peine Saca Piojos, 1 X 12",12.00,UND,,1,1,"3750,00",,COP,249,28,5000
627,ZEX-BOM-HK-W-100-UND-5EE1,BOMBILLOS HK 100 W,BOMBILLOS HK 100 W,100.00,UND,452,10,10,"95000,00",10200.00,COP,250,4050300046501,100000
628,ZEX-PLA-BER-ESP-1-UND-D367,"Plagatox Espiral, 1 X 10 ","Plagatox Espiral, 1 X 10 ",10.00,UND,453,60,60,"120000,00",2266.67,COP,251,6949147784739,150000
629,ZEX-SET-MAN-1-UND-285A,"Set para Manicure, 1 X 1","Set para Manicure, 1 X 1",1.00,UND,454,6,6,"7000,00",9000.00,COP,252,5123556567799,8000
630,OSB-ESC-IND-1-UND-7381,ESCOBA INDUSTRIAL ,ESCOBA INDUSTIAL,1.00,UND,455,12,12,,7750.00,,253,29,
631,ZEX-REF-MAX-SUR-400-ML-B4E4,"Refresco Maxi Surtido, 400 ml","Refresco Maxi Surtido, 400 ml",400.00,ML,456,24,24,"25000,00",1041.67,COP,255,7705518010390,26500
632,ZEX-HID-BLU-640-ML-7E37,"Suro Hidralyte Blue Berry, 640 ml ","Suro Hidralyte Blue Berry, 640 ml ",640.00,ML,457,24,24,"86000,00",3583.33,COP,256,7702354959326,88000
633,ZEX-HID-MAR-640-ML-12B8,"Suero Hidralyte Maracuya, 640 ml","Suero Hidralyte Maracuya, 640 ml",640.00,ML,458,24,24,"86000,00",3583.33,COP,257,7702354959302,88000
634,ZEX-HID-FRE-KIW-640-ML-C808,"Suero Hidralyte Fresa Kiwi, 640 ml","Suero Hidralyte Fresa Kiwi, 640 ml",640.00,ML,459,24,24,"86000,00",3583.33,COP,258,7702354959319,88000
635,GEN-FAB-180-ML-2912,"Desinfectante Fabuloso Lavanda, 180 ml","Desinfectante Fabuloso Lavanda, 180 ml",180.00,ML,460,72,72,"105000,00",1472.22,COP,259,7509546683263,110000
636,ROS-PAP-PLU-242.2-ML-9C06,"Papel Rosal Plus 600 Hojas Amarillo, 1 X 4","Papel Rosal Plus 600 Hojas Amarillo, 1 X 4",4.00,UND,461,12,12,"37,79",3.15,USD,260,7591098800281,99000
637,GEN-SAL-REF-1-KG-E08A,"Sal Refisal, 1 kg","Sal Refisal, 1 kg",1.00,KG,462,20,20,"50000,00",2500.00,COP,261,7703812101202,53000
638,ZEX-CHO-COR-450-GR-8D81,"Chocolate Corona, 450 gr","Chocolate Corona, 450 gr",450.00,GR,,1,1,"14000,00",,COP,262,7702007084535,15000
640,ZEX-ESC-MAX-HOG-1-UND-E2A5,ESCOBA MAX HOGAR CON PALO,ESCOBA MAX HOGAR CON PALO ,1.00,UND,464,15,15,"46,59",3.11,USD,263,CMMCG0311,126000
641,ZEX-CRE-ARR-POL-450-GR-2522,"Crema de Arroz Polly, 450 gr","Crema de Arroz Polly, 450 gr",450.00,GR,465,12,12,"15,37",1.28,USD,264,7591112004435,45000
642,ZEX-CRE-ARR-POL-900-GR-C364,"Crema de Arroz Polly, 900 gr","Crema de Arroz Polly, 900 gr",900.00,GR,466,12,12,"24,25",02.02,USD,265,75911152004039,68000
650,BRI-LIM-KIN-1000-ML-4F2D,"Desinfectante Brilla King Manzana y Canela, 1 lt ","Desinfectante Brilla King Manzana y Canela, 1 lt ",1.00,LT,474,12,12,"34000,00",2750.00,COP,277,7700304925643,36000
651,BRI-LIM-BIC-1000-ML-97FE,"Desinfectante Brilla King Bicarbonato, 1 lt","Desinfectante Brilla King Bicarbonato, 1 lt",1.00,LT,475,12,12,"34000,00",2750.00,COP,278,7700304882441,36500
652,FRU-JUG-MAN-250-ML-F5CD,"Jugo Fruttsi Mango, 250 ml","Jugo Fruttsi Mango, 250 ml",250.00,ML,476,24,24,"18000,00",750.00,COP,279,7701999358778,19500
653,FRU-JUG-TRO-250-ML-3A94,"Jugo Fruttsi Frutas Tropicales, 250 ml ","Jugo Fruttsi Frutas Tropicales, 250 ml ",250.00,ML,477,24,24,"18000,00",750.00,COP,280,7701999000615,19500
654,CAP-VIN-500-ML-C00A,"Vinagre Capri, 500 ml","Vinagre Capri, 500 ml",500.00,ML,478,24,24,"22,17",0.94,USD,281,7591151013221,76000
655,CAP-VIN-1000-ML-D29D,"Vinagre Capri, 1 lt","Vinagre Capri, 1 lt",1.00,LT,479,12,12,"17,18",1.46,USD,282,7591151013238,66000
656,CAP-PAS-COD-500-GR-993C,"Pasta Corta Capri Premium Codito, 500 gr","Pasta Corta Capri Premium Codito, 500 gr",500.00,GR,480,12,12,"12,87",01.07,USD,283,7591151052176,36000
657,CAP-PAS-PLU-500-GR-2D9D,"Pasta Corta Capri Premium Plumita, 500 gr","Pasta Corta Capri Premium Plumita, 500 gr",500.00,GR,481,12,12,"12,87",01.07,USD,284,7591151052138,36000
658,CAP-PAS-CAR-500-GR-ED26,"Pasta Corta Capri Premium Caracol, 500 gr","Pasta Corta Capri Premium Caracol, 500 gr",500.00,GR,482,12,12,"12,87",01.07,USD,285,7591151052206,36000
659,CAP-PAS-RIG-500-GR-1684,"Pasta Corta Capri Extra Especial Rigatoni, 500 gr","Pasta Corta Capri Extra Especial Rigatoni, 500 gr",500.00,GR,483,12,12,"12,87",0.99,USD,286,7591151412147,36000
660,MON-AZU-MOR-1000-GR-9F26,"Azucar Morena Montalban, 1 kg","Azucar Morena Montalban, 1 kg",1.00,KG,484,10,10,"80000,00",8000.00,COP,289,7591357000261,84000
661,HEI-COM-FRU-TRO-186-GR-868D,"Compota Heinz Frutas Tropicales, 186 gr","Compota Heinz Frutas Tropicales, 186 gr",186.00,GR,486,24,24,"18,98",0.79,USD,291,7591112158930,56000
662,HEI-COM-POS-186-GR-EA81,"Compota Heinz Postre de Frutas, 186 gr","Compota Heinz Postre de Frutas, 186 gr",186.00,GR,68,24,24,"18,98",0.79,USD,292,7591112158947,56000
663,SIN-PAS-PRE-1-KG-1CC1,"Pasta Corta Sindoni Premium Caracol, 1 kg","Pasta Corta Sindoni Premium Caracol, 1 kg",1.00,KG,69,12,12,"22,66",1.89,USD,293,7591674000067,60000
664,GEN-DET-POL-ARI-800-GR-CC37,"Detergente en Polvo Ariel, 800 gr","Detergente en Polvo Ariel, 800 gr",800.00,GR,,15,15,"53,00",,USD,297,7500435250962,142000
665,GEN-SER-MIM-Z-1-UND-A15C,Servilleta Mimlot Tipo Z,Servilleta Mimlot Tipo Z,1.00,UND,71,,,,18.48,,298,7599963000101,
666,GEN-SER-DIE-X-1-UND-A843,Servilleta 10 de Diez,Servilleta 10 de Diez,1.00,UND,,30,30,"63000,00",,COP,299,7704269661561,68000
667,GEN-PAP-FAM-ACO-4-UND-4238,"Papel Familia AcolchaMax Extra Grande, 1 X 4","Papel Familia AcolchaMax Extra Grande, 1 X 4",4.00,UND,73,1,1,"7000,00",1.40,COP,300,7702026148560,8000
668,GEN-JAB-COC-PRE-1-UND-D4CE,Jabón Coco Prendas Delicadas,Jabón Coco Prendas Delicadas,1.00,UND,74,1,1,"1666,00",01.01,COP,301,7702310018364,2000
669,GEN-JAB-COC-PRE-1-UND-EDD2,"Jabón Coco Prendas de Bebé, 180gr","Jabón Coco Prendas de Bebé, 180gr",1.00,UND,75,1,1,"1666,00",01.01,COP,302,7702310018395,2000
670,GEN-JAB-SUP-ROM-200-GR-A9E4,"Jabón Super Rombo, 200 gr ","Jabón Super Rombo, 200 gr ",200.00,GR,76,25,25,"32000,00",1.40,COP,303,7702826100508,34000
671,GEN-JAB-LE-FRA-100-GR-FA4A,"Jabón Le Fragance, 100 gr ","Jabón Le Fragance, 100 gr ",100.00,GR,,72,72,"92000,00",,COP,304,7702310024006,98000
673,BRI-JAB-LIQ-500-ML-3EE7,"Jabón Liquido Brilla King Limón, 500 ml","Jabón Liquido Brilla King Limón, 500 ml",500.00,ML,499,24,24,"62000,00",0.00,COP,305,7700304528806,68000
674,NES-LEC-CON-395-GR-AF86,"Leche Condensada Nestle, 395 gr ","Leche Condensada Nestle, 395 gr ",395.00,GR,500,48,48,"151,68",0.00,USD,306,7891000107263,384000
675,NES-CRE-LEC-300-GR-2C8A,"Crema de Leche Nestle, 300 gr ","Crema de Leche Nestle, 300 gr ",300.00,GR,,48,48,"155,00",,USD,307,7891000005422,336000
676,IDE-ACE-VEG-1-LT-912B,"Aceite Ideal Vegetal, 1 lt","Aceite Ideal Vegetal, 1 lt",1.00,LT,,12,12,"74000,00",,COP,308,7709535305194,76000
677,CAR-VIN-1-LT-DA00,"Vinagre Cárdenas, 1 lt","Vinagre Cárdenas, 1 lt",1.00,LT,,12,12,"34000,00",,COP,309,116992263738459,40000
678,GEN-ACE-COP-VEG-850-ML-AC0C,"Aceite Coposa Vegetal, 850 ml ","Aceite Coposa Vegetal, 850 ml ",850.00,ML,,12,12,,,,310,7591058001024,
679,HEI-VIN-500-ML-501B,"Vinagre Heinz, 500 ml","Vinagre Heinz, 500 ml",500.00,ML,,24,24,"27,03",,USD,311,7591112015059,76000
680,GEN-ARV-VER-RIN-500-GR-95AE,"Arveja Verde Rincón, 500 gr","Arveja Verde Rincón, 500 gr",500.00,GR,,25,25,"45000,00",,COP,312,7709668923364,48000
681,LAT-LEC-POL-1-KG-861B,"Leche en Polvo Latti Entera, 1 kg","Leche en Polvo Latti Entera, 1 kg",1.00,KG,,24,24,"523000,00",,COP,313,7700304160594,540000
682,ARO-CAF-500-GR-FDDA,"Café Aroma, 500 gr","Café Aroma, 500 gr",500.00,GR,,24,24,"306000,00",,COP,314,7702088343897,310000
683,GEN-CAF-SEL-ROJ-450-GR-F7D3,"Café Sello Rojo Tradicional, 450 gr","Café Sello Rojo Tradicional, 450 gr",450.00,GR,,24,24,"645000,00",,COP,315,7322032115648,672000
684,CHA-GAL-CHO-192-GR-3D53,"Galleta Charmy Chocolate, 192 gr","Galleta Charmy Chocolate, 192 gr",192.00,GR,,24,24,"26,40",,USD,105,7591164000058,75000
685,GEN-DET-ARR-LIM-1-KG-E993,"Detergente Arras Limón, 1 kg","Detergente Arras Limón, 1 kg",1.00,KG,,20,20,"81000,00",,COP,317,7707271382233,83000
686,GEN-DET-ARR-FLO-1-KG-8FB2,"Detergente Arras Floral, 1 kg","Detergente Arras Floral, 1 kg",1.00,KG,,20,20,"81000,00",,COP,318,7707271380383,83000
687,GEN-PAN-29-GR-9996,"Panelada, 29 gr","Panelada, 29 gr",29.00,GR,,160,160,"165000,00",,COP,319,7702354958664,195000
688,GEN-CEP-DIE-SUP-12-UND-00C4,"Cepillo de Dientes Super+, 1 X 12","Cepillo de Dientes Super+, 1 X 12",12.00,UND,,1,1,"16000,00",,COP,320,123,18000
689,MAR-HAR-TRI-1-KG-6225,"Harina de Trigo Mary Leudante, 1 kg ","Harina de Trigo Mary Leudante, 1 kg ",1.00,KG,,20,20,"24,00",,USD,321,145,68000
690,GEN-CAF-GOU-KIW-200-GR-7195,"Café Gourmet Kiwa, 200 gr","Café Gourmet Kiwa, 200 gr",200.00,GR,,25,25,"190000,00",,COP,322,7598340000024,200000
691,SAV-CHO-LEC-10-UND-34C9,"Chocolate Savoy Leche, 1 X 10","Chocolate Savoy Leche, 1 X 10",10.00,UND,,1,1,"15000,00",,COP,323,7591016155691,16000
692,GEN-HAP-BAL-X-111-UND-E230,"Happy Ballons, 1 X 111","Happy Ballons, 1 X 111",111.00,UND,,1,1,"3500,00",,COP,324,9070902290008,4000
693,GEN-LEC-POL-CUE-1-KG-A1D7,"Leche en Polvo La Cuesta Entera, 1 kg","Leche en Polvo La Cuesta Entera, 1 kg",1.00,KG,,10,10,"217000,00",,COP,325,7704269708495,220000
694,GEN-DET-BON-ROP-3-KG-8869,"Detergente Bona Ropa Xtra Tech, 3 kg ","Detergente Bona Ropa Xtra Tech, 3 kg ",3.00,KG,,6,6,"114000,00",,COP,326,7708276719017,120000
695,GEN-ESC-JUG-X-12-UND-C374,"Escoba Jugueplast, 1 X 12","Escoba Jugueplast, 1 X 12",12.00,UND,,12,12,"20,00",,USD,327,18641050461,75000
696,GEN-PAN-BAB-ETA-100-UND-E108,"Panales Babysec Etapa 2 M, 1 X 100","Panales Babysec Etapa 2 M, 1 X 100",100.00,UND,,1,1,"89000,00",,COP,328,7709085938446,95000
697,GEN-AFE-DOR-X-50-UND-16F5,"Afeitadora Dorco, 2 X 50 ","Afeitadora Dorco, 2 X 50 ",50.00,UND,,50,50,"22000,00",,COP,,,24000
698,CAR-ATU-FOR-170-GR-08D5,"Atun Carlo Forte Agua, 170 gr","Atun Carlo Forte Agua, 170 gr",170.00,GR,,48,48,"212000,00",,COP,330,6587,220000
699,GEN-ATU-ROB-115-GR-8999,"Atún Robinson, 115 gr 1 X 48","Atún Robinson, 115 gr ",1.00,UND,,48,48,"134000,00",,COP,331,587,138000
700,GEN-PAP-HIG-SED-12-UND-86BA,"Papel Higienico Sedita 400 Hojas, 1 X 4","Papel Higienico Sedita 400 Hojas, 1 X 4",12.00,UND,,12,12,"21,80",,USD,332,2587,61000
701,GEN-CUB-CAL-GAL-48-UND-6F7D,"Cubito de Caldo de Gallina Doña Gallina, 1 X 48","Cubito de Caldo de Gallina Doña Gallina, 1 X 48",48.00,UND,,24,24,"360000,00",,COP,333,7702354949785,372000
703,NAT-JAB-LIQ-500-ML-8A15,"Jabón Liquido Natural Feeling Hierbas Aromáticas, 500 ml","Jabón Liquido Natural Feeling Hierbas Aromáticas, 500 ml",500.00,ML,,21,21,"76000,00",,COP,335,7700304699742,80000
704,NAT-JAB-LIQ-500-ML-3836,"Jabón Liquido Natural Feeling Vainilla y Arándanos, 500 ml","Jabón Liquido Natural Feeling Vainilla y Arándanos, 500 ml",500.00,ML,,21,21,"76000,00",,COP,336,7700304591718,80000
705,NAT-JAB-LIQ-500-ML-29AE,"Jabón Liquido Natural Feeling Avena y Coco, 500 ml","Jabón Liquido Natural Feeling Avena y Coco, 500 ml",500.00,ML,,21,21,"76000,00",,COP,337,7700304463602,80000
706,GEN-AZU-REA-1-KG-5E58,"Azúcar Real, 1 kg","Azúcar Real, 1 kg",1.00,KG,532,25,25,"86000,00",3440.00,COP,338,7709527874011,90000
707,LAT-CRE-LEC-200-ML-6A8D,"Crema de Leche Latti, 200 ml ","Crema de Leche Latti, 200 ml ",200.00,ML,,60,60,"142000,00",,COP,339,7700304732357,148000
708,BRI-DES-KIN-1-LT-5C1F,"Desinfectante Brilla King Citronela, 1 lt","Desinfectante Brilla King Citronela, 1 lt",1.00,LT,534,12,12,"35000,00",2916.67,COP,340,7700304675548,37000
709,GEN-CER-NES-TRI-225-GR-4D4E,"Cereal Nestum Trigo y Miel, 225 gr","Cereal Nestum Trigo y Miel, 225 gr",225.00,GR,,24,24,"100,69",,USD,341,7591016204825,312000
710,MAG-CUB-POL-20-GR-254E,"Cubito de Pollo Maggi, 20 gr","Cubito de Pollo Maggi, 20 gr",20.00,GR,536,1,1,"0,19",0.19,USD,342,8546,15000
711,GEN-BOM-LED-BRI-1-UND-FCFB,"Bombillo Led Brillaluz 18W, 1 X 1","Bombillo Led Brillaluz 18W, 1 X 1",1.00,UND,537,10,10,"25500,00",2550.00,COP,343,6935787500365,29000
712,GEN-BOM-LED-BRI-1-UND-D587,"Bombillo Led Brillaluz 9W, 1 X 1","Bombillo Led Brillaluz 9W, 1 X 1",1.00,UND,538,10,10,"14000,00",1400.00,COP,344,6935787500334,18000
713,GEN-BOM-LED-BRI-1-UND-E0AC,"Bombillo Led Brillaluz 12W, 1 X 1","Bombillo Led Brillaluz 12W, 1 X 1",1.00,UND,539,10,10,"17000,00",1700.00,COP,345,6935787500341,20000
714,MIR-GAT-GAT-15-KG-A5C9,"Gatarina Mirringo Gatos Adultos Original, 1 X 15 kg","Gatarina Mirringo Gatos Adultos Original, 1 X 15 kg",15.00,KG,540,1,1,"123000,00",1.00,COP,346,7703090627739,126000
715,MIR-GAT-GAT-8-KG-9E6F,"Gatarina Mirringo Gatos Adultos Original, 1 X 8 kg","Gatarina Mirringo Gatos Adultos Original, 1 X 8 kg",8.00,KG,541,1,1,"72000,00",1.00,COP,347,7703090785064,75000
716,GEN-PER-RIN-PRO-1-KG-DF21,"Perrarina Ringo +Pro Digestion Avanzada Cachorros, 1 kg","Perrarina Ringo +Pro Digestion Avanzada Cachorros, 1 kg",1.00,KG,,20,20,"152000,00",,COP,348,7703090842675,156000
717,GEN-PER-RIN-ORI-1-KG-A6BF,"Perrarina Ringo Original Cachorros, 1 kg","Perrarina Ringo Original Cachorros, 1 kg",1.00,KG,,20,20,"122000,00",,COP,349,7703090094357,126000
718,GEN-PER-RIN-PRO-30-KG-920C,"Perrarina Ringo +Pro Digestion Avanzada Adultos, 30 kg","Perrarina Ringo +Pro Digestion Avanzada Adultos, 30 kg",30.00,KG,544,1,1,"168000,00",168000.00,COP,350,7703090537366,171000
719,GEN-PER-FIL-ADU-30-KG-7F97,"Perrarina Filpo Adulto, 30 kg ","Perrarina Filpo Adulto, 30 kg ",30.00,KG,545,1,1,"111000,00",1.00,COP,351,7703090914068,115000